{
  "client_train_avg": [
    8.114759540557861,
    7.8015776634216305,
    7.778617906570434,
    7.751262044906616,
    7.735249948501587,
    7.742652845382691,
    7.79379506111145,
    7.798634481430054,
    7.793185806274414,
    7.759392833709716
  ],
  "server_train": [
    0.00032806396484375,
    0.00031685829162597656,
    0.0002429485321044922,
    0.0002415180206298828,
    0.0002739429473876953,
    0.00023365020751953125,
    0.00025343894958496094,
    0.0002582073211669922,
    0.00022983551025390625,
    0.00022745132446289062
  ],
  "client_update_avg": [
    0.18930130004882811,
    0.18877811431884767,
    0.1862329959869385,
    0.18787689208984376,
    0.1897676944732666,
    0.1899897575378418,
    0.18873991966247558,
    0.18558306694030763,
    0.19441051483154298,
    0.18956704139709474
  ],
  "global_agg": [
    0.23911261558532715,
    0.2253422737121582,
    0.2158825397491455,
    0.21687769889831543,
    0.2276756763458252,
    0.21553850173950195,
    0.21449828147888184,
    0.22851133346557617,
    0.21264123916625977,
    0.21510553359985352
  ],
  "model_transfer_avg": [
    4.291534423828125e-07,
    4.291534423828125e-07,
    5.7220458984375e-07,
    4.291534423828125e-07,
    5.7220458984375e-07,
    5.7220458984375e-07,
    3.337860107421875e-07,
    1.1444091796875e-06,
    5.245208740234375e-07,
    5.7220458984375e-07
  ],
  "accuracy": [
    0.5256950294860994,
    0.7236731255265375,
    0.7910699241786016,
    0.8348778433024431,
    0.8609941027801179,
    0.8770008424599831,
    0.9224936815501263,
    0.9224936815501263,
    0.93681550126369,
    0.9376579612468408
  ],
  "precision": [
    0.6562804981125433,
    0.7475572883635551,
    0.8316581436841204,
    0.8467972971467979,
    0.8792748199803927,
    0.8850899639444212,
    0.929402358297438,
    0.9261743583736746,
    0.9388725871327155,
    0.9399807797983961
  ],
  "recall": [
    0.5256950294860994,
    0.7236731255265375,
    0.7910699241786016,
    0.8348778433024431,
    0.8609941027801179,
    0.8770008424599831,
    0.9224936815501263,
    0.9224936815501263,
    0.93681550126369,
    0.9376579612468408
  ],
  "f1": [
    0.5027017296360402,
    0.7133632185024734,
    0.7956801361840541,
    0.8326520365542343,
    0.8621695788630251,
    0.8763292233274066,
    0.9225073436294965,
    0.9222130213234074,
    0.9365198506399757,
    0.9371772562109388
  ],
  "loss": [
    1.0451669295628865,
    0.8044272164503733,
    0.646261731783549,
    0.5402335524559021,
    0.45208875834941864,
    0.40721512337525684,
    0.3556092232465744,
    0.3149842421213786,
    0.27832382669051486,
    0.2592872753739357
  ]
}